21200501,A,C,0.11975
21200501,B,C,0.0089748
21200501,C,A,0.117547
21200501,C,B,0.0177552
21200501,C,D,0.0688176
21200501,C,E,0.0909144
21200501,D,C,0.0664524
21200501,E,C,0.0762048
21200502,A,C,0.0976212
21200502,B,C,0.0116964
21200502,C,A,0.117418
21200502,C,B,0.0106272
21200502,C,D,0.0593568
21200502,C,E,0.0793476
21200502,D,C,0.0588384
21200502,E,C,0.0721224
21200503,A,C,0.120528
21200503,B,C,0.0137052
21200503,C,A,0.163199
21200503,C,B,0.0125712
21200503,C,D,0.0725112
21200503,C,E,0.092988
21200503,D,C,0.0700164
21200503,E,C,0.0875772
21200504,A,C,0.104749
21200504,B,C,0.0099792
21200504,C,A,0.107924
21200504,C,B,0.01377
21200504,C,D,0.0614952
21200504,C,E,0.0831708
21200504,D,C,0.0547884
21200504,E,C,0.067068
21200505,A,C,0.103486
21200505,B,C,0.0086832
21200505,C,A,0.104328
21200505,C,B,0.0120852
21200505,C,D,0.0606528
21200505,C,E,0.080838
21200505,D,C,0.0586764
21200505,E,C,0.068202
21200506,A,C,0.247342
21200506,B,C,0.0232956
21200506,C,A,0.183384
21200506,C,B,0.0208008
21200506,C,D,0.125939
21200506,C,E,0.118649
21200506,D,C,0.108896
21200506,E,C,0.111229
21200507,A,C,0.106888
21200507,B,C,0.0130572
21200507,C,A,0.116867
21200507,C,B,0.010692
21200507,C,D,0.070308
21200507,C,E,0.0869616
21200507,D,C,0.0628884
21200507,E,C,0.080838
21200508,A,C,0.125291
21200508,B,C,0.0168156
21200508,C,A,0.169258
21200508,C,B,0.0145476
21200508,C,D,0.078408
21200508,C,E,0.100796
21200508,D,C,0.0761724
21200508,E,C,0.0961308
21200509,A,C,0.104004
21200509,B,C,0.008424
21200509,C,A,0.125194
21200509,C,B,0.011178
21200509,C,D,0.080028
21200509,C,E,0.115312
21200509,D,C,0.0682344
21200509,E,C,0.104587
21200510,A,C,0.100505
21200510,B,C,0.0107892
21200510,C,A,0.127915
21200510,C,B,0.0153576
21200510,C,D,0.076302
21200510,C,E,0.112007
21200510,D,C,0.059292
21200510,E,C,0.0911736
21200511,A,C,0.133974
21200511,B,C,0.0120528
21200511,C,A,0.138348
21200511,C,B,0.0114696
21200511,C,D,0.0794772
21200511,C,E,0.106661
21200511,D,C,0.0701784
21200511,E,C,0.097524
21200512,A,C,0.11003
21200512,B,C,0.0093636
21200512,C,A,0.111002
21200512,C,B,0.0121824
21200512,C,D,0.0701784
21200512,C,E,0.0958716
21200512,D,C,0.05832
21200512,E,C,0.0772092
21200513,A,C,0.0922104
21200513,B,C,0.0096228
21200513,C,A,0.107568
21200513,C,B,0.0109512
21200513,C,D,0.0639252
21200513,C,E,0.0849528
21200513,D,C,0.056376
21200513,E,C,0.068526
21200514,A,C,0.0995976
21200514,B,C,0.0090072
21200514,C,A,0.100634
21200514,C,B,0.010692
21200514,C,D,0.0635688
21200514,C,E,0.078408
21200514,D,C,0.0598428
21200514,E,C,0.0728028
21200515,A,C,0.097362
21200515,B,C,0.0089424
21200515,C,A,0.1076
21200515,C,B,0.0103356
21200515,C,D,0.0684936
21200515,C,E,0.0841428
21200515,D,C,0.0548856
21200515,E,C,0.0691416
21200516,A,C,0.0941868
21200516,B,C,0.0077112
21200516,C,A,0.112525
21200516,C,B,0.0130572
21200516,C,D,0.0684612
21200516,C,E,0.0961956
21200516,D,C,0.05508
21200516,E,C,0.0862164
21200517,A,C,0.0999864
21200517,B,C,0.0104004
21200517,C,A,0.126619
21200517,C,B,0.0114696
21200517,C,D,0.0739692
21200517,C,E,0.0802224
21200517,D,C,0.0574128
21200517,E,C,0.0774684
21200518,A,C,0.137149
21200518,B,C,0.0141912
21200518,C,A,0.181246
21200518,C,B,0.0116964
21200518,C,D,0.0840132
21200518,C,E,0.0935388
21200518,D,C,0.0812916
21200518,E,C,0.08829
21200519,A,C,0.122018
21200519,B,C,0.0088452
21200519,C,A,0.116122
21200519,C,B,0.0122796
21200519,C,D,0.0796068
21200519,C,E,0.100051
21200519,D,C,0.065124
21200519,E,C,0.085698
21200520,A,C,0.0903636
21200520,B,C,0.0080352
21200520,C,A,0.109739
21200520,C,B,0.0104652
21200520,C,D,0.0673272
21200520,C,E,0.083268
21200520,D,C,0.0551772
21200520,E,C,0.0668736
21200521,A,C,0.129244
21200521,B,C,0.011664
21200521,C,A,0.13945
21200521,C,B,0.0118584
21200521,C,D,0.076464
21200521,C,E,0.10125
21200521,D,C,0.0802548
21200521,E,C,0.0885816
21200522,A,C,0.107147
21200522,B,C,0.0096228
21200522,C,A,0.11732
21200522,C,B,0.0118584
21200522,C,D,0.0676188
21200522,C,E,0.0860544
21200522,D,C,0.060102
21200522,E,C,0.0732888
21200523,A,C,0.126911
21200523,B,C,0.0100116
21200523,C,A,0.132062
21200523,C,B,0.0116964
21200523,C,D,0.0773388
21200523,C,E,0.0973944
21200523,D,C,0.0667764
21200523,E,C,0.0904608
21200524,A,C,0.0981072
21200524,B,C,0.007614
21200524,C,A,0.10462
21200524,C,B,0.0089748
21200524,C,D,0.0557604
21200524,C,E,0.07614
21200524,D,C,0.0568944
21200524,E,C,0.0677808
21200525,A,C,0.10206
21200525,B,C,0.0091044
21200525,C,A,0.119653
21200525,C,B,0.0085212
21200525,C,D,0.067878
21200525,C,E,0.0759132
21200525,D,C,0.0564408
21200525,E,C,0.0696276
21200526,A,C,0.103777
21200526,B,C,0.0097524
21200526,C,A,0.126133
21200526,C,B,0.0083268
21200526,C,D,0.0730944
21200526,C,E,0.075816
21200526,D,C,0.0562788
21200526,E,C,0.0704376
21200527,A,C,0.111035
21200527,B,C,0.0097848
21200527,C,A,0.103745
21200527,C,B,0.0118584
21200527,C,D,0.0629208
21200527,C,E,0.0867996
21200527,D,C,0.0682668
21200527,E,C,0.0721872
21200528,A,C,0.123606
21200528,B,C,0.0128628
21200528,C,A,0.149656
21200528,C,B,0.0098172
21200528,C,D,0.0720576
21200528,C,E,0.092502
21200528,D,C,0.079704
21200528,E,C,0.0909144
21200529,A,C,0.099468
21200529,B,C,0.0066096
21200529,C,A,0.107017
21200529,C,B,0.0090072
21200529,C,D,0.0760752
21200529,C,E,0.108216
21200529,D,C,0.065448
21200529,E,C,0.0996948
21200530,A,C,0.145606
21200530,B,C,0.0124416
21200530,C,A,0.151438
21200530,C,B,0.0120204
21200530,C,D,0.0890028
21200530,C,E,0.0995652
21200530,D,C,0.0778248
21200530,E,C,0.095418
21200531,A,C,0.119264
21200531,B,C,0.009558
21200531,C,A,0.127202
21200531,C,B,0.0090396
21200531,C,D,0.0870912
21200531,C,E,0.109253
21200531,D,C,0.0663876
21200531,E,C,0.102222
21200601,A,C,0.104749
21200601,B,C,0.0073872
21200601,C,A,0.105883
21200601,C,B,0.0100116
21200601,C,D,0.0621756
21200601,C,E,0.0980424
21200601,D,C,0.0593244
21200601,E,C,0.0830412
21200602,A,C,0.0911412
21200602,B,C,0.0093312
21200602,C,A,0.0944784
21200602,C,B,0.0099792
21200602,C,D,0.0562464
21200602,C,E,0.0724788
21200602,D,C,0.0522612
21200602,E,C,0.0659988
21200603,A,C,0.0412452
21200603,B,C,0.0084564
21200603,C,A,0.172562
21200603,C,B,0.0084888
21200603,C,D,0.0569268
21200603,C,E,0.071604
21200603,D,C,0.051354
21200603,E,C,0.0648648
21200604,A,C,0.0269892
21200604,B,C,0.0086184
21200604,C,A,0.240797
21200604,C,B,0.0081324
21200604,C,D,0.0567648
21200604,C,E,0.0724464
21200604,D,C,0.0536868
21200604,E,C,0.0667116
21200605,A,C,0.0196344
21200605,B,C,0.0113724
21200605,C,A,0.201755
21200605,C,B,0.0100764
21200605,C,D,0.0676836
21200605,C,E,0.0846612
21200605,D,C,0.0611712
21200605,E,C,0.078246
21200606,A,C,0.0339552
21200606,B,C,0.0065448
21200606,C,A,0.201658
21200606,C,B,0.0086508
21200606,C,D,0.062046
21200606,C,E,0.0813888
21200606,D,C,0.0521316
21200606,E,C,0.0778248
21200607,A,C,0.0412452
21200607,B,C,0.0081
21200607,C,A,0.172562
21200607,C,B,0.0081324
21200607,C,D,0.0641196
21200607,C,E,0.0820692
21200607,D,C,0.0565056
21200607,E,C,0.0855036
21200608,A,C,0.0205092
21200608,B,C,0.0072576
21200608,C,A,0.1805
21200608,C,B,0.0095904
21200608,C,D,0.0543996
21200608,C,E,0.082944
21200608,D,C,0.0514512
21200608,E,C,0.0728028
21200609,A,C,0.0075816
21200609,B,C,0.00648
21200609,C,A,0.0233928
21200609,C,B,0.0072576
21200609,C,D,0.0497988
21200609,C,E,0.0703728
21200609,D,C,0.0423792
21200609,E,C,0.0664524
21200610,A,C,0.0269892
21200610,B,C,0.0086508
21200610,C,A,0.240797
21200610,C,B,0.0060912
21200610,C,D,0.0512244
21200610,C,E,0.070632
21200610,D,C,0.0464292
21200610,E,C,0.0661932
21200611,A,C,0.0089748
21200611,B,C,0.0083268
21200611,C,A,0.103907
21200611,C,B,0.0080676
21200611,C,D,0.050706
21200611,C,E,0.0717984
21200611,D,C,0.053298
21200611,E,C,0.0683316
21200612,A,C,0.0597456
21200612,B,C,0.007614
21200612,C,A,0.172012
21200612,C,B,0.0082296
21200612,C,D,0.06399
21200612,C,E,0.0788292
21200612,D,C,0.0564084
21200612,E,C,0.0798336
21200613,A,C,0.0205092
21200613,B,C,0.0064152
21200613,C,A,0.1805
21200613,C,B,0.0095256
21200613,C,D,0.0716364
21200613,C,E,0.0833652
21200613,D,C,0.0494748
21200613,E,C,0.077922
21200614,A,C,0.0196344
21200614,B,C,0.008262
21200614,C,A,0.201755
21200614,C,B,0.0083916
21200614,C,D,0.0640872
21200614,C,E,0.0821016
21200614,D,C,0.0562788
21200614,E,C,0.0755568
