21200501,A,D,0.249966
21200501,B,D,0.0188244
21200501,C,D,0.0688176
21200501,D,A,0.308027
21200501,D,B,0.020088
21200501,D,C,0.0664524
21200501,D,E,0.0893592
21200501,E,D,0.0865404
21200502,A,D,0.219964
21200502,B,D,0.02106
21200502,C,D,0.0593568
21200502,D,A,0.250614
21200502,D,B,0.0167508
21200502,D,C,0.0588384
21200502,D,E,0.0789588
21200502,E,D,0.0774684
21200503,A,D,0.328342
21200503,B,D,0.0240084
21200503,C,D,0.0725112
21200503,D,A,0.331808
21200503,D,B,0.0263412
21200503,D,C,0.0700164
21200503,D,E,0.0992412
21200503,E,D,0.0937008
21200504,A,D,0.238108
21200504,B,D,0.0164592
21200504,C,D,0.0614952
21200504,D,A,0.275108
21200504,D,B,0.0201204
21200504,D,C,0.0547884
21200504,D,E,0.0843372
21200504,E,D,0.0828792
21200505,A,D,0.233701
21200505,B,D,0.0203796
21200505,C,D,0.0606528
21200505,D,A,0.236164
21200505,D,B,0.0197964
21200505,D,C,0.0586764
21200505,D,E,0.0824256
21200505,E,D,0.0757188
21200506,A,D,0.356432
21200506,B,D,0.033372
21200506,C,D,0.125939
21200506,D,A,0.393757
21200506,D,B,0.0268272
21200506,D,C,0.108896
21200506,D,E,0.116964
21200506,E,D,0.102643
21200507,A,D,0.241153
21200507,B,D,0.020574
21200507,C,D,0.070308
21200507,D,A,0.256738
21200507,D,B,0.0190836
21200507,D,C,0.0628884
21200507,D,E,0.08586
21200507,E,D,0.0809676
21200508,A,D,0.351346
21200508,B,D,0.022842
21200508,C,D,0.078408
21200508,D,A,0.349466
21200508,D,B,0.0266652
21200508,D,C,0.0761724
21200508,D,E,0.107698
21200508,E,D,0.102416
21200509,A,D,0.306439
21200509,B,D,0.0209952
21200509,C,D,0.080028
21200509,D,A,0.330188
21200509,D,B,0.0239112
21200509,D,C,0.0682344
21200509,D,E,0.101056
21200509,E,D,0.0995328
21200510,A,D,0.300672
21200510,B,D,0.018468
21200510,C,D,0.076302
21200510,D,A,0.321019
21200510,D,B,0.026406
21200510,D,C,0.059292
21200510,D,E,0.0995976
21200510,E,D,0.0950292
21200511,A,D,0.283403
21200511,B,D,0.0217404
21200511,C,D,0.0794772
21200511,D,A,0.400756
21200511,D,B,0.022194
21200511,D,C,0.0701784
21200511,D,E,0.103324
21200511,E,D,0.106369
21200512,A,D,0.239339
21200512,B,D,0.02106
21200512,C,D,0.0701784
21200512,D,A,0.289105
21200512,D,B,0.0245268
21200512,D,C,0.05832
21200512,D,E,0.0856008
21200512,E,D,0.0853416
21200513,A,D,0.226055
21200513,B,D,0.0183384
21200513,C,D,0.0639252
21200513,D,A,0.252493
21200513,D,B,0.0206712
21200513,D,C,0.056376
21200513,D,E,0.0792504
21200513,E,D,0.0806112
21200514,A,D,0.227675
21200514,B,D,0.0179172
21200514,C,D,0.0635688
21200514,D,A,0.24057
21200514,D,B,0.0219024
21200514,D,C,0.0598428
21200514,D,E,0.0783108
21200514,E,D,0.0789264
21200515,A,D,0.219834
21200515,B,D,0.018792
21200515,C,D,0.0684936
21200515,D,A,0.25123
21200515,D,B,0.02025
21200515,D,C,0.0548856
21200515,D,E,0.0811296
21200515,E,D,0.077436
21200516,A,D,0.263347
21200516,B,D,0.0180792
21200516,C,D,0.0684612
21200516,D,A,0.295164
21200516,D,B,0.0220968
21200516,D,C,0.05508
21200516,D,E,0.093312
21200516,E,D,0.0934092
21200517,A,D,0.231077
21200517,B,D,0.0188892
21200517,C,D,0.0739692
21200517,D,A,0.269244
21200517,D,B,0.022518
21200517,D,C,0.0574128
21200517,D,E,0.0872532
21200517,E,D,0.0817128
21200518,A,D,0.353128
21200518,B,D,0.023652
21200518,C,D,0.0840132
21200518,D,A,0.350989
21200518,D,B,0.026892
21200518,D,C,0.0812916
21200518,D,E,0.102319
21200518,E,D,0.094122
21200519,A,D,0.302648
21200519,B,D,0.0251424
21200519,C,D,0.0796068
21200519,D,A,0.296978
21200519,D,B,0.0234252
21200519,D,C,0.065124
21200519,D,E,0.0998568
21200519,E,D,0.102708
21200520,A,D,0.232762
21200520,B,D,0.0186624
21200520,C,D,0.0673272
21200520,D,A,0.256349
21200520,D,B,0.02025
21200520,D,C,0.0551772
21200520,D,E,0.0793476
21200520,E,D,0.0791856
21200521,A,D,0.285347
21200521,B,D,0.0237816
21200521,C,D,0.076464
21200521,D,A,0.374252
21200521,D,B,0.027702
21200521,D,C,0.0802548
21200521,D,E,0.10449
21200521,E,D,0.103226
21200522,A,D,0.242482
21200522,B,D,0.0216108
21200522,C,D,0.0676188
21200522,D,A,0.298987
21200522,D,B,0.0182412
21200522,D,C,0.060102
21200522,D,E,0.083106
21200522,E,D,0.0778896
21200523,A,D,0.280325
21200523,B,D,0.0222912
21200523,C,D,0.0773388
21200523,D,A,0.367967
21200523,D,B,0.023328
21200523,D,C,0.0667764
21200523,D,E,0.104587
21200523,E,D,0.103486
21200524,A,D,0.223236
21200524,B,D,0.01782
21200524,C,D,0.0557604
21200524,D,A,0.235872
21200524,D,B,0.0162648
21200524,D,C,0.0568944
21200524,D,E,0.0769824
21200524,E,D,0.0734832
21200525,A,D,0.225439
21200525,B,D,0.0211248
21200525,C,D,0.067878
21200525,D,A,0.245624
21200525,D,B,0.021222
21200525,D,C,0.0564408
21200525,D,E,0.0778248
21200525,E,D,0.0808056
21200526,A,D,0.226411
21200526,B,D,0.0225504
21200526,C,D,0.0730944
21200526,D,A,0.249804
21200526,D,B,0.0233604
21200526,D,C,0.0562788
21200526,D,E,0.0782136
21200526,E,D,0.0839484
21200527,A,D,0.236261
21200527,B,D,0.0201852
21200527,C,D,0.0629208
21200527,D,A,0.246499
21200527,D,B,0.0190512
21200527,D,C,0.0682668
21200527,D,E,0.089586
21200527,E,D,0.0772092
21200528,A,D,0.360223
21200528,B,D,0.0245268
21200528,C,D,0.0720576
21200528,D,A,0.321116
21200528,D,B,0.0253692
21200528,D,C,0.079704
21200528,D,E,0.0969732
21200528,E,D,0.100181
21200529,A,D,0.286189
21200529,B,D,0.017334
21200529,C,D,0.0760752
21200529,D,A,0.274979
21200529,D,B,0.02268
21200529,D,C,0.065448
21200529,D,E,0.0915624
21200529,E,D,0.0991764
21200530,A,D,0.307865
21200530,B,D,0.0240732
21200530,C,D,0.0890028
21200530,D,A,0.402829
21200530,D,B,0.0248184
21200530,D,C,0.0778248
21200530,D,E,0.104458
21200530,E,D,0.110354
21200531,A,D,0.261533
21200531,B,D,0.0195372
21200531,C,D,0.0870912
21200531,D,A,0.365083
21200531,D,B,0.0227448
21200531,D,C,0.0663876
21200531,D,E,0.0925668
21200531,E,D,0.106628
21200601,A,D,0.221778
21200601,B,D,0.0164268
21200601,C,D,0.0621756
21200601,D,A,0.261047
21200601,D,B,0.0186948
21200601,D,C,0.0593244
21200601,D,E,0.079056
21200601,E,D,0.079704
21200602,A,D,0.200621
21200602,B,D,0.0172692
21200602,C,D,0.0562464
21200602,D,A,0.219445
21200602,D,B,0.0167508
21200602,D,C,0.0522612
21200602,D,E,0.0704052
21200602,E,D,0.0715716
21200603,A,D,0.0989172
21200603,B,D,0.0160056
21200603,C,D,0.0569268
21200603,D,A,0.290984
21200603,D,B,0.0150984
21200603,D,C,0.051354
21200603,D,E,0.073548
21200603,E,D,0.0683964
21200604,A,D,0.0785376
21200604,B,D,0.015714
21200604,C,D,0.0567648
21200604,D,A,0.251132
21200604,D,B,0.01782
21200604,D,C,0.0536868
21200604,D,E,0.0747144
21200604,E,D,0.0734508
21200605,A,D,0.0616572
21200605,B,D,0.0217728
21200605,C,D,0.0676836
21200605,D,A,0.188957
21200605,D,B,0.0213516
21200605,D,C,0.0611712
21200605,D,E,0.0930852
21200605,E,D,0.0897804
21200606,A,D,0.0893268
21200606,B,D,0.0166212
21200606,C,D,0.062046
21200606,D,A,0.260107
21200606,D,B,0.0209628
21200606,D,C,0.0521316
21200606,D,E,0.0899424
21200606,E,D,0.0883548
21200607,A,D,0.0989172
21200607,B,D,0.0185652
21200607,C,D,0.0641196
21200607,D,A,0.290984
21200607,D,B,0.0216432
21200607,D,C,0.0565056
21200607,D,E,0.0943812
21200607,E,D,0.0901692
21200608,A,D,0.0566352
21200608,B,D,0.017658
21200608,C,D,0.0543996
21200608,D,A,0.192553
21200608,D,B,0.016362
21200608,D,C,0.0514512
21200608,D,E,0.0815832
21200608,E,D,0.0776628
21200609,A,D,0.0320436
21200609,B,D,0.0146124
21200609,C,D,0.0497988
21200609,D,A,0.0675216
21200609,D,B,0.016038
21200609,D,C,0.0423792
21200609,D,E,0.0702756
21200609,E,D,0.0776304
21200610,A,D,0.0785376
21200610,B,D,0.0151956
21200610,C,D,0.0512244
21200610,D,A,0.251132
21200610,D,B,0.0161676
21200610,D,C,0.0464292
21200610,D,E,0.0708912
21200610,E,D,0.0721224
21200611,A,D,0.0384264
21200611,B,D,0.0160056
21200611,C,D,0.050706
21200611,D,A,0.170554
21200611,D,B,0.0176256
21200611,D,C,0.053298
21200611,D,E,0.0763992
21200611,E,D,0.0740016
21200612,A,D,0.142268
21200612,B,D,0.0197316
21200612,C,D,0.06399
21200612,D,A,0.338418
21200612,D,B,0.0186624
21200612,D,C,0.0564084
21200612,D,E,0.0915624
21200612,E,D,0.0862488
21200613,A,D,0.0566352
21200613,B,D,0.0161676
21200613,C,D,0.0716364
21200613,D,A,0.192553
21200613,D,B,0.0247212
21200613,D,C,0.0494748
21200613,D,E,0.0860544
21200613,E,D,0.0886788
21200614,A,D,0.0616572
21200614,B,D,0.0180144
21200614,C,D,0.0640872
21200614,D,A,0.188957
21200614,D,B,0.0214164
21200614,D,C,0.0562788
21200614,D,E,0.0890028
21200614,E,D,0.0909468
