21200501,A,B,0.379566
21200501,B,A,0.33129
21200501,B,C,0.0089748
21200501,B,D,0.0188244
21200501,B,E,0.0036288
21200501,C,B,0.0177552
21200501,D,B,0.020088
21200501,E,B,0.004374
21200502,A,B,0.354974
21200502,B,A,0.316872
21200502,B,C,0.0116964
21200502,B,D,0.02106
21200502,B,E,0.0037908
21200502,C,B,0.0106272
21200502,D,B,0.0167508
21200502,E,B,0.0034344
21200503,A,B,0.470578
21200503,B,A,0.391198
21200503,B,C,0.0137052
21200503,B,D,0.0240084
21200503,B,E,0.006318
21200503,C,B,0.0125712
21200503,D,B,0.0263412
21200503,E,B,0.005184
21200504,A,B,0.37409
21200504,B,A,0.336992
21200504,B,C,0.0099792
21200504,B,D,0.0164592
21200504,B,E,0.0038232
21200504,C,B,0.01377
21200504,D,B,0.0201204
21200504,E,B,0.0036936
21200505,A,B,0.33048
21200505,B,A,0.337673
21200505,B,C,0.0086832
21200505,B,D,0.0203796
21200505,B,E,0.0037584
21200505,C,B,0.0120852
21200505,D,B,0.0197964
21200505,E,B,0.0041796
21200506,A,B,0.443977
21200506,B,A,0.43659
21200506,B,C,0.0232956
21200506,B,D,0.033372
21200506,B,E,0.0077112
21200506,C,B,0.0208008
21200506,D,B,0.0268272
21200506,E,B,0.0064476
21200507,A,B,0.355493
21200507,B,A,0.318913
21200507,B,C,0.0130572
21200507,B,D,0.020574
21200507,B,E,0.0055404
21200507,C,B,0.010692
21200507,D,B,0.0190836
21200507,E,B,0.0032076
21200508,A,B,0.478386
21200508,B,A,0.399233
21200508,B,C,0.0168156
21200508,B,D,0.022842
21200508,B,E,0.0045684
21200508,C,B,0.0145476
21200508,D,B,0.0266652
21200508,E,B,0.0050868
21200509,A,B,0.490763
21200509,B,A,0.374998
21200509,B,C,0.008424
21200509,B,D,0.0209952
21200509,B,E,0.0044064
21200509,C,B,0.011178
21200509,D,B,0.0239112
21200509,E,B,0.0035964
21200510,A,B,0.495428
21200510,B,A,0.380344
21200510,B,C,0.0107892
21200510,B,D,0.018468
21200510,B,E,0.002592
21200510,C,B,0.0153576
21200510,D,B,0.026406
21200510,E,B,0.0048924
21200511,A,B,0.416146
21200511,B,A,0.46021
21200511,B,C,0.0120528
21200511,B,D,0.0217404
21200511,B,E,0.003726
21200511,C,B,0.0114696
21200511,D,B,0.022194
21200511,E,B,0.00567
21200512,A,B,0.377233
21200512,B,A,0.337316
21200512,B,C,0.0093636
21200512,B,D,0.02106
21200512,B,E,0.0033372
21200512,C,B,0.0121824
21200512,D,B,0.0245268
21200512,E,B,0.0042768
21200513,A,B,0.316645
21200513,B,A,0.301352
21200513,B,C,0.0096228
21200513,B,D,0.0183384
21200513,B,E,0.0040176
21200513,C,B,0.0109512
21200513,D,B,0.0206712
21200513,E,B,0.0060588
21200514,A,B,0.336668
21200514,B,A,0.325328
21200514,B,C,0.0090072
21200514,B,D,0.0179172
21200514,B,E,0.0032076
21200514,C,B,0.010692
21200514,D,B,0.0219024
21200514,E,B,0.0045036
21200515,A,B,0.332068
21200515,B,A,0.309647
21200515,B,C,0.0089424
21200515,B,D,0.018792
21200515,B,E,0.003564
21200515,C,B,0.0103356
21200515,D,B,0.02025
21200515,E,B,0.0047304
21200516,A,B,0.451786
21200516,B,A,0.386111
21200516,B,C,0.0077112
21200516,B,D,0.0180792
21200516,B,E,0.00405
21200516,C,B,0.0130572
21200516,D,B,0.0220968
21200516,E,B,0.0048924
21200517,A,B,0.361325
21200517,B,A,0.320501
21200517,B,C,0.0104004
21200517,B,D,0.0188892
21200517,B,E,0.0041472
21200517,C,B,0.0114696
21200517,D,B,0.022518
21200517,E,B,0.0037908
21200518,A,B,0.472133
21200518,B,A,0.403704
21200518,B,C,0.0141912
21200518,B,D,0.023652
21200518,B,E,0.0048924
21200518,C,B,0.0116964
21200518,D,B,0.026892
21200518,E,B,0.0045036
21200519,A,B,0.468698
21200519,B,A,0.372308
21200519,B,C,0.0088452
21200519,B,D,0.0251424
21200519,B,E,0.0042768
21200519,C,B,0.0122796
21200519,D,B,0.0234252
21200519,E,B,0.0034992
21200520,A,B,0.333072
21200520,B,A,0.337867
21200520,B,C,0.0080352
21200520,B,D,0.0186624
21200520,B,E,0.0038232
21200520,C,B,0.0104652
21200520,D,B,0.02025
21200520,E,B,0.0033372
21200521,A,B,0.381089
21200521,B,A,0.452077
21200521,B,C,0.011664
21200521,B,D,0.0237816
21200521,B,E,0.0036612
21200521,C,B,0.0118584
21200521,D,B,0.027702
21200521,E,B,0.005508
21200522,A,B,0.364338
21200522,B,A,0.324713
21200522,B,C,0.0096228
21200522,B,D,0.0216108
21200522,B,E,0.0033048
21200522,C,B,0.0118584
21200522,D,B,0.0182412
21200522,E,B,0.0041148
21200523,A,B,0.387893
21200523,B,A,0.438599
21200523,B,C,0.0100116
21200523,B,D,0.0222912
21200523,B,E,0.0044712
21200523,C,B,0.0116964
21200523,D,B,0.023328
21200523,E,B,0.004698
21200524,A,B,0.310295
21200524,B,A,0.31846
21200524,B,C,0.007614
21200524,B,D,0.01782
21200524,B,E,0.0034992
21200524,C,B,0.0089748
21200524,D,B,0.0162648
21200524,E,B,0.0041148
21200525,A,B,0.333785
21200525,B,A,0.30605
21200525,B,C,0.0091044
21200525,B,D,0.0211248
21200525,B,E,0.0044712
21200525,C,B,0.0085212
21200525,D,B,0.021222
21200525,E,B,0.0056376
21200526,A,B,0.343894
21200526,B,A,0.300737
21200526,B,C,0.0097524
21200526,B,D,0.0225504
21200526,B,E,0.0048924
21200526,C,B,0.0083268
21200526,D,B,0.0233604
21200526,E,B,0.006318
21200527,A,B,0.312142
21200527,B,A,0.309614
21200527,B,C,0.0097848
21200527,B,D,0.0201852
21200527,B,E,0.005346
21200527,C,B,0.0118584
21200527,D,B,0.0190512
21200527,E,B,0.0028836
21200528,A,B,0.437562
21200528,B,A,0.389351
21200528,B,C,0.0128628
21200528,B,D,0.0245268
21200528,B,E,0.0071928
21200528,C,B,0.0098172
21200528,D,B,0.0253692
21200528,E,B,0.0044388
21200529,A,B,0.407786
21200529,B,A,0.332521
21200529,B,C,0.0066096
21200529,B,D,0.017334
21200529,B,E,0.0021708
21200529,C,B,0.0090072
21200529,D,B,0.02268
21200529,E,B,0.0039852
21200530,A,B,0.411221
21200530,B,A,0.472878
21200530,B,C,0.0124416
21200530,B,D,0.0240732
21200530,B,E,0.0039204
21200530,C,B,0.0120204
21200530,D,B,0.0248184
21200530,E,B,0.0054432
21200531,A,B,0.322639
21200531,B,A,0.399524
21200531,B,C,0.009558
21200531,B,D,0.0195372
21200531,B,E,0.0050544
21200531,C,B,0.0090396
21200531,D,B,0.0227448
21200531,E,B,0.0050544
21200601,A,B,0.353776
21200601,B,A,0.314118
21200601,B,C,0.0073872
21200601,B,D,0.0164268
21200601,B,E,0.0029484
21200601,C,B,0.0100116
21200601,D,B,0.0186948
21200601,E,B,0.0031752
21200602,A,B,0.310262
21200602,B,A,0.312692
21200602,B,C,0.0093312
21200602,B,D,0.0172692
21200602,B,E,0.0034668
21200602,C,B,0.0099792
21200602,D,B,0.0167508
21200602,E,B,0.0035316
21200603,A,B,0.0761724
21200603,B,A,0.119945
21200603,B,C,0.0084564
21200603,B,D,0.0160056
21200603,B,E,0.002916
21200603,C,B,0.0084888
21200603,D,B,0.0150984
21200603,E,B,0.0048276
21200604,A,B,0.0565056
21200604,B,A,0.107989
21200604,B,C,0.0086184
21200604,B,D,0.015714
21200604,B,E,0.0033048
21200604,C,B,0.0081324
21200604,D,B,0.01782
21200604,E,B,0.0026892
21200605,A,B,0.0462348
21200605,B,A,0.0937332
21200605,B,C,0.0113724
21200605,B,D,0.0217728
21200605,B,E,0.0060912
21200605,C,B,0.0100764
21200605,D,B,0.0213516
21200605,E,B,0.0044064
21200606,A,B,0.0685908
21200606,B,A,0.113886
21200606,B,C,0.0065448
21200606,B,D,0.0166212
21200606,B,E,0.0040824
21200606,C,B,0.0086508
21200606,D,B,0.0209628
21200606,E,B,0.003078
21200607,A,B,0.0761724
21200607,B,A,0.119945
21200607,B,C,0.0081
21200607,B,D,0.0185652
21200607,B,E,0.003078
21200607,C,B,0.0081324
21200607,D,B,0.0216432
21200607,E,B,0.004698
21200608,A,B,0.0405324
21200608,B,A,0.0855036
21200608,B,C,0.0072576
21200608,B,D,0.017658
21200608,B,E,0.0030132
21200608,C,B,0.0095904
21200608,D,B,0.016362
21200608,E,B,0.0032724
21200609,A,B,0.016038
21200609,B,A,0.035154
21200609,B,C,0.00648
21200609,B,D,0.0146124
21200609,B,E,0.0025596
21200609,C,B,0.0072576
21200609,D,B,0.016038
21200609,E,B,0.0032076
21200610,A,B,0.0565056
21200610,B,A,0.107989
21200610,B,C,0.0086508
21200610,B,D,0.0151956
21200610,B,E,0.0027864
21200610,C,B,0.0060912
21200610,D,B,0.0161676
21200610,E,B,0.002754
21200611,A,B,0.0256932
21200611,B,A,0.0758484
21200611,B,C,0.0083268
21200611,B,D,0.0160056
21200611,B,E,0.0022356
21200611,C,B,0.0080676
21200611,D,B,0.0176256
21200611,E,B,0.0034992
21200612,A,B,0.0916596
21200612,B,A,0.162097
21200612,B,C,0.007614
21200612,B,D,0.0197316
21200612,B,E,0.0039852
21200612,C,B,0.0082296
21200612,D,B,0.0186624
21200612,E,B,0.0037584
21200613,A,B,0.0405324
21200613,B,A,0.0855036
21200613,B,C,0.0064152
21200613,B,D,0.0161676
21200613,B,E,0.0032724
21200613,C,B,0.0095256
21200613,D,B,0.0247212
21200613,E,B,0.0036288
21200614,A,B,0.0462348
21200614,B,A,0.0937332
21200614,B,C,0.008262
21200614,B,D,0.0180144
21200614,B,E,0.0039528
21200614,C,B,0.0083916
21200614,D,B,0.0214164
21200614,E,B,0.00324
