21200501,A,E,0.0595512
21200501,B,E,0.0036288
21200501,C,E,0.0909144
21200501,D,E,0.0893592
21200501,E,A,0.054756
21200501,E,B,0.004374
21200501,E,C,0.0762048
21200501,E,D,0.0865404
21200502,A,E,0.0526824
21200502,B,E,0.0037908
21200502,C,E,0.0793476
21200502,D,E,0.0789588
21200502,E,A,0.0577368
21200502,E,B,0.0034344
21200502,E,C,0.0721224
21200502,E,D,0.0774684
21200503,A,E,0.0689472
21200503,B,E,0.006318
21200503,C,E,0.092988
21200503,D,E,0.0992412
21200503,E,A,0.078732
21200503,E,B,0.005184
21200503,E,C,0.0875772
21200503,E,D,0.0937008
21200504,A,E,0.0527148
21200504,B,E,0.0038232
21200504,C,E,0.0831708
21200504,D,E,0.0843372
21200504,E,A,0.0517428
21200504,E,B,0.0036936
21200504,E,C,0.067068
21200504,E,D,0.0828792
21200505,A,E,0.0522936
21200505,B,E,0.0037584
21200505,C,E,0.080838
21200505,D,E,0.0824256
21200505,E,A,0.0488592
21200505,E,B,0.0041796
21200505,E,C,0.068202
21200505,E,D,0.0757188
21200506,A,E,0.102514
21200506,B,E,0.0077112
21200506,C,E,0.118649
21200506,D,E,0.116964
21200506,E,A,0.08748
21200506,E,B,0.0064476
21200506,E,C,0.111229
21200506,E,D,0.102643
21200507,A,E,0.0567
21200507,B,E,0.0055404
21200507,C,E,0.0869616
21200507,D,E,0.08586
21200507,E,A,0.0583848
21200507,E,B,0.0032076
21200507,E,C,0.080838
21200507,E,D,0.0809676
21200508,A,E,0.0655452
21200508,B,E,0.0045684
21200508,C,E,0.100796
21200508,D,E,0.107698
21200508,E,A,0.0866052
21200508,E,B,0.0050868
21200508,E,C,0.0961308
21200508,E,D,0.102416
21200509,A,E,0.0489888
21200509,B,E,0.0044064
21200509,C,E,0.115312
21200509,D,E,0.101056
21200509,E,A,0.0573804
21200509,E,B,0.0035964
21200509,E,C,0.104587
21200509,E,D,0.0995328
21200510,A,E,0.0546588
21200510,B,E,0.002592
21200510,C,E,0.112007
21200510,D,E,0.0995976
21200510,E,A,0.061236
21200510,E,B,0.0048924
21200510,E,C,0.0911736
21200510,E,D,0.0950292
21200511,A,E,0.0672948
21200511,B,E,0.003726
21200511,C,E,0.106661
21200511,D,E,0.103324
21200511,E,A,0.0749736
21200511,E,B,0.00567
21200511,E,C,0.097524
21200511,E,D,0.106369
21200512,A,E,0.0556308
21200512,B,E,0.0033372
21200512,C,E,0.0958716
21200512,D,E,0.0856008
21200512,E,A,0.0654804
21200512,E,B,0.0042768
21200512,E,C,0.0772092
21200512,E,D,0.0853416
21200513,A,E,0.0485352
21200513,B,E,0.0040176
21200513,C,E,0.0849528
21200513,D,E,0.0792504
21200513,E,A,0.0540432
21200513,E,B,0.0060588
21200513,E,C,0.068526
21200513,E,D,0.0806112
21200514,A,E,0.0487296
21200514,B,E,0.0032076
21200514,C,E,0.078408
21200514,D,E,0.0783108
21200514,E,A,0.0468828
21200514,E,B,0.0045036
21200514,E,C,0.0728028
21200514,E,D,0.0789264
21200515,A,E,0.0517428
21200515,B,E,0.003564
21200515,C,E,0.0841428
21200515,D,E,0.0811296
21200515,E,A,0.055728
21200515,E,B,0.0047304
21200515,E,C,0.0691416
21200515,E,D,0.077436
21200516,A,E,0.0518076
21200516,B,E,0.00405
21200516,C,E,0.0961956
21200516,D,E,0.093312
21200516,E,A,0.0522612
21200516,E,B,0.0048924
21200516,E,C,0.0862164
21200516,E,D,0.0934092
21200517,A,E,0.0525204
21200517,B,E,0.0041472
21200517,C,E,0.0802224
21200517,D,E,0.0872532
21200517,E,A,0.0680076
21200517,E,B,0.0037908
21200517,E,C,0.0774684
21200517,E,D,0.0817128
21200518,A,E,0.075654
21200518,B,E,0.0048924
21200518,C,E,0.0935388
21200518,D,E,0.102319
21200518,E,A,0.0817776
21200518,E,B,0.0045036
21200518,E,C,0.08829
21200518,E,D,0.094122
21200519,A,E,0.0567972
21200519,B,E,0.0042768
21200519,C,E,0.100051
21200519,D,E,0.0998568
21200519,E,A,0.0569916
21200519,E,B,0.0034992
21200519,E,C,0.085698
21200519,E,D,0.102708
21200520,A,E,0.05022
21200520,B,E,0.0038232
21200520,C,E,0.083268
21200520,D,E,0.0793476
21200520,E,A,0.047466
21200520,E,B,0.0033372
21200520,E,C,0.0668736
21200520,E,D,0.0791856
21200521,A,E,0.0705672
21200521,B,E,0.0036612
21200521,C,E,0.10125
21200521,D,E,0.10449
21200521,E,A,0.0747144
21200521,E,B,0.005508
21200521,E,C,0.0885816
21200521,E,D,0.103226
21200522,A,E,0.0558576
21200522,B,E,0.0033048
21200522,C,E,0.0860544
21200522,D,E,0.083106
21200522,E,A,0.0554688
21200522,E,B,0.0041148
21200522,E,C,0.0732888
21200522,E,D,0.0778896
21200523,A,E,0.064152
21200523,B,E,0.0044712
21200523,C,E,0.0973944
21200523,D,E,0.104587
21200523,E,A,0.0726084
21200523,E,B,0.004698
21200523,E,C,0.0904608
21200523,E,D,0.103486
21200524,A,E,0.0535896
21200524,B,E,0.0034992
21200524,C,E,0.07614
21200524,D,E,0.0769824
21200524,E,A,0.0492804
21200524,E,B,0.0041148
21200524,E,C,0.0677808
21200524,E,D,0.0734832
21200525,A,E,0.052002
21200525,B,E,0.0044712
21200525,C,E,0.0759132
21200525,D,E,0.0778248
21200525,E,A,0.0592272
21200525,E,B,0.0056376
21200525,E,C,0.0696276
21200525,E,D,0.0808056
21200526,A,E,0.0513216
21200526,B,E,0.0048924
21200526,C,E,0.075816
21200526,D,E,0.0782136
21200526,E,A,0.063504
21200526,E,B,0.006318
21200526,E,C,0.0704376
21200526,E,D,0.0839484
21200527,A,E,0.0630828
21200527,B,E,0.005346
21200527,C,E,0.0867996
21200527,D,E,0.089586
21200527,E,A,0.0547236
21200527,E,B,0.0028836
21200527,E,C,0.0721872
21200527,E,D,0.0772092
21200528,A,E,0.0694332
21200528,B,E,0.0071928
21200528,C,E,0.092502
21200528,D,E,0.0969732
21200528,E,A,0.075168
21200528,E,B,0.0044388
21200528,E,C,0.0909144
21200528,E,D,0.100181
21200529,A,E,0.0441288
21200529,B,E,0.0021708
21200529,C,E,0.108216
21200529,D,E,0.0915624
21200529,E,A,0.0446796
21200529,E,B,0.0039852
21200529,E,C,0.0996948
21200529,E,D,0.0991764
21200530,A,E,0.0681372
21200530,B,E,0.0039204
21200530,C,E,0.0995652
21200530,D,E,0.104458
21200530,E,A,0.075492
21200530,E,B,0.0054432
21200530,E,C,0.095418
21200530,E,D,0.110354
21200531,A,E,0.0570888
21200531,B,E,0.0050544
21200531,C,E,0.109253
21200531,D,E,0.0925668
21200531,E,A,0.0632448
21200531,E,B,0.0050544
21200531,E,C,0.102222
21200531,E,D,0.106628
21200601,A,E,0.0483084
21200601,B,E,0.0029484
21200601,C,E,0.0980424
21200601,D,E,0.079056
21200601,E,A,0.0526176
21200601,E,B,0.0031752
21200601,E,C,0.0830412
21200601,E,D,0.079704
21200602,A,E,0.04617
21200602,B,E,0.0034668
21200602,C,E,0.0724788
21200602,D,E,0.0704052
21200602,E,A,0.0425088
21200602,E,B,0.0035316
21200602,E,C,0.0659988
21200602,E,D,0.0715716
21200603,A,E,0.0204768
21200603,B,E,0.002916
21200603,C,E,0.071604
21200603,D,E,0.073548
21200603,E,A,0.0864108
21200603,E,B,0.0048276
21200603,E,C,0.0648648
21200603,E,D,0.0683964
21200604,A,E,0.0132192
21200604,B,E,0.0033048
21200604,C,E,0.0724464
21200604,D,E,0.0747144
21200604,E,A,0.0844668
21200604,E,B,0.0026892
21200604,E,C,0.0667116
21200604,E,D,0.0734508
21200605,A,E,0.0083592
21200605,B,E,0.0060912
21200605,C,E,0.0846612
21200605,D,E,0.0930852
21200605,E,A,0.057024
21200605,E,B,0.0044064
21200605,E,C,0.078246
21200605,E,D,0.0897804
21200606,A,E,0.0169452
21200606,B,E,0.0040824
21200606,C,E,0.0813888
21200606,D,E,0.0899424
21200606,E,A,0.0884844
21200606,E,B,0.003078
21200606,E,C,0.0778248
21200606,E,D,0.0883548
21200607,A,E,0.0204768
21200607,B,E,0.003078
21200607,C,E,0.0820692
21200607,D,E,0.0943812
21200607,E,A,0.0864108
21200607,E,B,0.004698
21200607,E,C,0.0855036
21200607,E,D,0.0901692
21200608,A,E,0.0077112
21200608,B,E,0.0030132
21200608,C,E,0.082944
21200608,D,E,0.0815832
21200608,E,A,0.0503496
21200608,E,B,0.0032724
21200608,E,C,0.0728028
21200608,E,D,0.0776628
21200609,A,E,0.0040176
21200609,B,E,0.0025596
21200609,C,E,0.0703728
21200609,D,E,0.0702756
21200609,E,A,0.013446
21200609,E,B,0.0032076
21200609,E,C,0.0664524
21200609,E,D,0.0776304
21200610,A,E,0.0132192
21200610,B,E,0.0027864
21200610,C,E,0.070632
21200610,D,E,0.0708912
21200610,E,A,0.0844668
21200610,E,B,0.002754
21200610,E,C,0.0661932
21200610,E,D,0.0721224
21200611,A,E,0.0009396
21200611,B,E,0.0022356
21200611,C,E,0.0717984
21200611,D,E,0.0763992
21200611,E,A,0.0295164
21200611,E,B,0.0034992
21200611,E,C,0.0683316
21200611,E,D,0.0740016
21200612,A,E,0.0322056
21200612,B,E,0.0039852
21200612,C,E,0.0788292
21200612,D,E,0.0915624
21200612,E,A,0.098172
21200612,E,B,0.0037584
21200612,E,C,0.0798336
21200612,E,D,0.0862488
21200613,A,E,0.0077112
21200613,B,E,0.0032724
21200613,C,E,0.0833652
21200613,D,E,0.0860544
21200613,E,A,0.0503496
21200613,E,B,0.0036288
21200613,E,C,0.077922
21200613,E,D,0.0886788
21200614,A,E,0.0083592
21200614,B,E,0.0039528
21200614,C,E,0.0821016
21200614,D,E,0.0890028
21200614,E,A,0.057024
21200614,E,B,0.00324
21200614,E,C,0.0755568
21200614,E,D,0.0909468
